Date,Total_Value,Cash_Accumulated
2015-01-02,0.0,0
2015-01-05,0.0,0
2015-01-06,0.0,0
2015-01-07,0.0,0
2015-01-08,0.0,0
2015-01-09,0.0,0
2015-01-12,0.0,0
2015-01-13,0.0,0
2015-01-14,0.0,0
2015-01-15,0.0,0
2015-01-16,0.0,0
2015-01-20,0.0,0
2015-01-21,0.0,0
2015-01-22,0.0,0
2015-01-23,0.0,0
2015-01-26,0.0,0
2015-01-27,0.0,0
2015-01-28,0.0,0
2015-01-29,0.0,0
2015-01-30,1000.0,1000
2015-02-02,1010.4999542236328,1000
2015-02-03,1023.9999389648438,1000
2015-02-04,1020.7999420166016,1000
2015-02-05,1030.2999877929688,1000
2015-02-06,1027.6499938964844,1000
2015-02-09,1023.3499908447266,1000
2015-02-10,1033.3499908447266,1000
2015-02-11,1033.9999389648438,1000
2015-02-12,1042.7999877929688,1000
2015-02-13,1046.9999694824219,1000
2015-02-17,1048.5499572753906,1000
2015-02-18,1048.75,1000
2015-02-19,1048.0999755859375,1000
2015-02-20,1053.949966430664,1000
2015-02-23,1053.699951171875,1000
2015-02-24,1056.5499877929688,1000
2015-02-25,1055.4999542236328,1000
2015-02-26,1054.3999481201172,1000
2015-02-27,2051.0499572753906,2000
2015-03-02,2063.75,2000
2015-03-03,2055.449981689453,2000
2015-03-04,2047.3500061035156,2000
2015-03-05,2049.449920654297,2000
2015-03-06,2022.1499633789062,2000
2015-03-09,2030.2499389648438,2000
2015-03-10,1998.8499450683594,2000
2015-03-11,1994.4499206542969,2000
2015-03-12,2018.6500549316406,2000
2015-03-13,2007.0500183105469,2000
2015-03-16,2032.8500366210938,2000
2015-03-17,2026.3499450683594,2000
2015-03-18,2049.0499877929688,2000
2015-03-19,2040.1499938964844,2000
2015-03-20,2057.550048828125,2000
2015-03-23,2044.2500305175781,2000
2015-03-24,2033.0499267578125,2000
2015-03-25,2005.1499938964844,2000
2015-03-26,2000.4499816894531,2000
2015-03-27,2004.3499755859375,2000
2015-03-30,2027.8500366210938,2000
2015-03-31,3011.0499572753906,3000
2015-04-01,3001.899948120117,3000
2015-04-02,3010.2999114990234,3000
2015-04-06,3030.2499389648438,3000
2015-04-07,3022.6000213623047,3000
2015-04-08,3032.9500579833984,3000
2015-04-09,3045.4000854492188,3000
2015-04-10,3061.14990234375,3000
2015-04-13,3048.0999755859375,3000
2015-04-14,3053.350067138672,3000
2015-04-15,3066.5499114990234,3000
2015-04-16,3065.500030517578,3000
2015-04-17,3031.899948120117,3000
2015-04-20,3058.000030517578,3000
2015-04-21,3055.1499938964844,3000
2015-04-22,3069.399948120117,3000
2015-04-23,3076.899948120117,3000
2015-04-24,3082.7499389648438,3000
2015-04-27,3071.2001037597656,3000
2015-04-28,3080.199966430664,3000
2015-04-29,3068.350067138672,3000
2015-04-30,4039.550094604492,4000
2015-05-01,4081.550094604492,4000
2015-05-04,4094.14990234375,4000
2015-05-05,4046.6900177001953,4000
2015-05-06,4030.5199279785156,4000
2015-05-07,4046.6900177001953,4000
2015-05-08,4099.39990234375,4000
2015-05-11,4079.8700561523438,4000
2015-05-12,4068.110107421875,4000
2015-05-13,4069.3700561523438,4000
2015-05-14,4111.579940795898,4000
2015-05-15,4115.779876708984,4000
2015-05-18,4128.3800048828125,4000
2015-05-19,4126.279876708984,4000
2015-05-20,4123.550094604492,4000
2015-05-21,4135.940017700195,4000
2015-05-22,4126.909851074219,4000
2015-05-26,4082.810043334961,4000
2015-05-27,4120.190017700195,4000
2015-05-28,4116.409851074219,4000
2015-05-29,5089.740081787109,5000
2015-06-01,5101.440002441406,5000
2015-06-02,5096.240081787109,5000
2015-06-03,5110.020050048828,5000
2015-06-04,5068.940002441406,5000
2015-06-05,5058.800018310547,5000
2015-06-08,5027.859954833984,5000
2015-06-09,5026.559875488281,5000
2015-06-10,5085.579986572266,5000
2015-06-11,5101.179748535156,5000
2015-06-12,5064.259796142578,5000
2015-06-15,5041.119812011719,5000
2015-06-16,5070.240081787109,5000
2015-06-17,5078.820129394531,5000
2015-06-18,5128.479827880859,5000
2015-06-19,5099.10009765625,5000
2015-06-22,5110.020050048828,5000
2015-06-23,5113.6600341796875,5000
2015-06-24,5077.520050048828,5000
2015-06-25,5061.919891357422,5000
2015-06-26,5061.919891357422,5000
2015-06-29,4956.10009765625,5000
2015-06-30,5968.83984375,6000
2015-07-01,6013.17008972168,6000
2015-07-02,6008.830108642578,6000
2015-07-06,5991.780014038086,6000
2015-07-07,6028.049957275391,6000
2015-07-08,5927.609786987305,6000
2015-07-09,5938.150146484375,6000
2015-07-10,6012.240127563477,6000
2015-07-13,6078.269805908203,6000
2015-07-14,6104.6199951171875,6000
2015-07-15,6102.139938354492,6000
2015-07-16,6148.019805908203,6000
2015-07-17,6155.150146484375,6000
2015-07-20,6157.940032958984,6000
2015-07-21,6134.069900512695,6000
2015-07-22,6122.289749145508,6000
2015-07-23,6087.879730224609,6000
2015-07-24,6025.569900512695,6000
2015-07-27,5992.08984375,6000
2015-07-28,6063.389938354492,6000
2015-07-29,6105.549957275391,6000
2015-07-30,6106.479919433594,6000
2015-07-31,7096.249862670898,7000
2015-08-03,7074.650192260742,7000
2015-08-04,7060.970016479492,7000
2015-08-05,7085.089950561523,7000
2015-08-06,7032.169906616211,7000
2015-08-07,7014.169906616211,7000
2015-08-10,7101.289840698242,7000
2015-08-11,7037.570236206055,7000
2015-08-12,7043.690170288086,7000
2015-08-13,7036.129928588867,7000
2015-08-14,7062.770126342773,7000
2015-08-17,7101.289840698242,7000
2015-08-18,7080.04997253418,7000
2015-08-19,7025.329818725586,7000
2015-08-20,6880.970016479492,7000
2015-08-21,6024.99525976181,7000
2015-08-24,5781.455602169037,7000
2015-08-25,5711.825582027435,7000
2015-08-26,5936.555501461029,7000
2015-08-27,6400.412097930908,7000
2015-08-28,6395.220989227295,7000
2015-08-31,7157.778622865677,8000
2015-09-01,6508.800114393234,8000
2015-09-02,6639.779865980148,8000
2015-09-03,6530.248386144638,8000
2015-09-04,6311.893979549408,8000
2015-09-08,6847.465685367584,8000
2015-09-09,6609.197315216064,8000
2015-09-10,6820.438516378403,8000
2015-09-11,6930.68180513382,8000
2015-09-14,6868.802859783173,8000
2015-09-15,7108.494847774506,8000
2015-09-16,7227.272924900055,8000
2015-09-17,7247.188109397888,8000
2015-09-18,6940.638176441193,8000
2015-09-21,6999.673141956329,8000
2015-09-22,6690.989817142487,8000
2015-09-23,6701.658404350281,8000
2015-09-24,6624.133500099182,8000
2015-09-25,6463.3904411792755,8000
2015-09-28,5906.481560945511,8000
2015-09-29,5818.997843503952,8000
2015-09-30,7203.784489631653,9000
2015-10-01,7304.535469532013,9000
2015-10-02,7683.5931396484375,9000
2015-10-05,8033.747556686401,9000
2015-10-06,7918.955828666687,9000
2015-10-07,8046.134867668152,9000
2015-10-08,8144.408290863037,9000
2015-10-09,8243.507723808289,9000
2015-10-12,8312.878366470337,9000
2015-10-13,8150.189414024353,9000
2015-10-14,8115.504565238953,9000
2015-10-15,8511.904187202454,9000
2015-10-16,8617.610753059387,9000
2015-10-19,8772.042443275452,9000
2015-10-20,8626.694025039673,9000
2015-10-21,8487.953684806824,9000
2015-10-22,8990.886827468872,9000
2015-10-23,9738.266876220703,9000
2015-10-26,9767.170601844788,9000
2015-10-27,9830.759176254272,9000
2015-10-28,10058.688722610474,9000
2015-10-29,10021.526789665222,9000
2015-10-30,10884.439414024353,10000
2015-11-02,11255.549580574036,10000
2015-11-03,11362.879400730133,10000
2015-11-04,11367.428288936615,10000
2015-11-05,11267.372526168823,10000
2015-11-06,11304.667163848877,10000
2015-11-09,10940.833136558533,10000
2015-11-10,10863.517651081085,10000
2015-11-11,10815.310886383057,10000
2015-11-12,10501.50422000885,10000
2015-11-13,9883.896359443665,10000
2015-11-16,10295.938192367554,10000
2015-11-17,10331.411192893982,10000
2015-11-18,10923.55048418045,10000
2015-11-19,10939.92231798172,10000
2015-11-20,11157.314414024353,10000
2015-11-23,11067.266205310822,10000
2015-11-24,11032.69985961914,10000
2015-11-25,11057.258651256561,10000
2015-11-27,11097.282621860504,10000
2015-11-30,12027.243275642395,11000
2015-12-01,12384.392367362976,11000
2015-12-02,12159.190162181854,11000
2015-12-03,11539.137321949005,11000
2015-12-04,12331.813207149506,11000
2015-12-07,12181.017251968384,11000
2015-12-08,12182.007276535034,11000
2015-12-09,11614.537002563477,11000
2015-12-10,11779.223956108093,11000
2015-12-11,10971.667047977448,11000
2015-12-14,11217.702912330627,11000
2015-12-15,11408.182730674744,11000
2015-12-16,11912.162002563477,11000
2015-12-17,11416.121092796326,11000
2015-12-18,10789.122185707092,11000
2015-12-21,10819.862114906311,11000
2015-12-22,10916.722893714905,11000
2015-12-23,11046.642327308655,11000
2015-12-24,11027.502221107483,11000
2015-12-28,11003.722893714905,11000
2015-12-29,11125.522362709045,11000
2015-12-30,11044.322716712952,11000
2015-12-31,11935.862114906311,12000
2016-01-04,11770.802422523499,12000
2016-01-05,11791.592537879944,12000
2016-01-06,11644.172768592834,12000
2016-01-07,11364.45261478424,12000
2016-01-08,11245.38265323639,12000
2016-01-11,11246.642922401428,12000
2016-01-12,11338.62238407135,12000
2016-01-13,11065.20261478424,12000
2016-01-14,11780.96267414093,12000
2016-01-15,10698.244721412659,12000
2016-01-19,10743.627362251282,12000
2016-01-20,10646.377362251282,12000
2016-01-21,10685.276768684387,12000
2016-01-22,11605.912377357483,12000
2016-01-25,11083.354632377625,12000
2016-01-26,11399.74211025238,12000
2016-01-27,10551.72273349762,12000
2016-01-28,10967.95261478424,12000
2016-01-29,12682.414988517761,13000
2016-02-01,12754.19752073288,13000
2016-02-02,11944.88609457016,13000
2016-02-03,11775.985450267792,13000
2016-02-04,11754.873272418976,13000
2016-02-05,10545.82940864563,13000
2016-02-08,10064.464666366577,13000
2016-02-09,10067.414846420288,13000
2016-02-10,10187.080139875412,13000
2016-02-11,10162.860310316086,13000
2016-02-12,10595.934860944748,13000
2016-02-16,11301.103447914124,13000
2016-02-17,12081.773962497711,13000
2016-02-18,11671.493538618088,13000
2016-02-19,11792.5845348835,13000
2016-02-22,12349.597411632538,13000
2016-02-23,11734.177998542786,13000
2016-02-24,12083.199665307999,13000
2016-02-25,12416.55164361,13000
2016-02-26,12388.061226844788,13000
2016-02-29,13060.404723405838,14000
2016-03-01,14309.83007645607,14000
2016-03-02,14325.256606340408,14000
2016-03-03,14245.045358896255,14000
2016-03-04,14269.726217985153,14000
2016-03-07,14004.415147066116,14000
2016-03-08,13634.214617490768,14000
2016-03-09,13894.898965120316,14000
2016-03-10,13842.452470541,14000
2016-03-11,14559.714617490768,14000
2016-03-14,14644.55347084999,14000
2016-03-15,14635.299141645432,14000
2016-03-16,15008.58179974556,14000
2016-03-17,14965.394930124283,14000
2016-03-18,15051.773965120316,14000
2016-03-21,15230.70335316658,14000
2016-03-22,15366.444106340408,14000
2016-03-23,15000.87118268013,14000
2016-03-24,14996.24445939064,14000
2016-03-28,14942.257783174515,14000
2016-03-29,15656.432505846024,14000
2016-03-30,15890.894930124283,14000
2016-03-31,16798.34457707405,15000
2016-04-01,17357.726009607315,15000
2016-04-04,17142.83245253563,15000
2016-04-05,16681.87264084816,15000
2016-04-06,17480.757259607315,15000
2016-04-07,16726.163965940475,15000
2016-04-08,16686.79494214058,15000
2016-04-11,16507.990751981735,15000
2016-04-12,16893.48654103279,15000
2016-04-13,17552.934116125107,15000
2016-04-14,17564.417608499527,15000
2016-04-15,17429.902866125107,15000
2016-04-18,17687.448858499527,15000
2016-04-19,17382.331884145737,15000
2016-04-20,17424.98244214058,15000
2016-04-21,17429.902866125107,15000
2016-04-22,16640.864727258682,15000
2016-04-25,16627.738590478897,15000
2016-04-26,16399.7245285511,15000
2016-04-27,16006.023026704788,15000
2016-04-28,15438.438697338104,15000
2016-04-29,16192.376197338104,16000
2016-05-02,16620.716330051422,16000
2016-05-03,16178.39054441452,16000
2016-05-04,15858.445224285126,16000
2016-05-05,15849.700689792633,16000
2016-05-06,16078.7352643013,16000
2016-05-09,16220.350504398346,16000
2016-05-10,16900.451397418976,16000
2016-05-11,16438.890837192535,16000
2016-05-12,16208.110557079315,16000
2016-05-13,16012.29641008377,16000
2016-05-16,16629.460864543915,16000
2016-05-17,15991.315929889679,16000
2016-05-18,16173.145424365997,16000
2016-05-19,15917.886250019073,16000
2016-05-20,16449.38107728958,16000
2016-05-23,16368.95556974411,16000
2016-05-24,17370.75149011612,16000
2016-05-25,17744.89671754837,16000
2016-05-26,17893.50478410721,16000
2016-05-27,18162.745609760284,16000
2016-05-31,19271.145424365997,17000
2016-06-01,19278.517779827118,17000
2016-06-02,19387.301167964935,17000
2016-06-03,19121.801421165466,17000
2016-06-06,19326.457080364227,17000
2016-06-07,19190.017864227295,17000
2016-06-08,19274.831602096558,17000
2016-06-09,19190.017864227295,17000
2016-06-10,18544.70677089691,17000
2016-06-13,18069.018933296204,17000
2016-06-14,18078.235432624817,17000
2016-06-15,17915.988752365112,17000
2016-06-16,18045.04928302765,17000
2016-06-17,17427.39401769638,17000
2016-06-20,17740.830955028534,17000
2016-06-21,17917.83078622818,17000
2016-06-22,17801.672932624817,17000
2016-06-23,18552.083346366882,17000
2016-06-24,16280.58023762703,17000
2016-06-27,15332.896015167236,17000
2016-06-28,15613.435153961182,17000
2016-06-29,15879.865711212158,17000
2016-06-30,17092.34550857544,18000
2016-07-01,17127.546314239502,18000
2016-07-05,17008.745777130127,18000
2016-07-06,17108.186206817627,18000
2016-07-07,17096.745777130127,18000
2016-07-08,17353.705615997314,18000
2016-07-11,17413.546314239502,18000
2016-07-12,17534.985401153564,18000
2016-07-13,17528.826099395752,18000
2016-07-14,17630.025562286377,18000
2016-07-15,17603.62529373169,18000
2016-07-18,17653.78593826294,18000
2016-07-19,17634.425830841064,18000
2016-07-20,17704.826099395752,18000
2016-07-21,17638.826099395752,18000
2016-07-22,17719.78593826294,18000
2016-07-25,17677.546314239502,18000
2016-07-26,17676.665454864502,18000
2016-07-27,17665.22636795044,18000
2016-07-28,17684.585132598877,18000
2016-07-29,18715.385669708252,19000
2016-08-01,18693.99606704712,19000
2016-08-02,18578.67555618286,19000
2016-08-03,18631.686237335205,19000
2016-08-04,18649.356464385986,19000
2016-08-05,18798.155612945557,19000
2016-08-08,18788.856464385986,19000
2016-08-09,18800.945499420166,19000
2016-08-10,18753.516010284424,19000
2016-08-11,18844.655612945557,19000
2016-08-12,18826.055896759033,19000
2016-08-15,18879.99606704712,19000
2016-08-16,18783.275272369385,19000
2016-08-17,18813.96544265747,19000
2016-08-18,18858.606464385986,19000
2016-08-19,18832.565158843994,19000
2016-08-22,18830.70618057251,19000
2016-08-23,18865.115726470947,19000
2016-08-24,18774.905612945557,19000
2016-08-25,18760.025272369385,19000
2016-08-26,18724.686237335205,19000
2016-08-29,18818.615726470947,19000
2016-08-30,18783.275272369385,19000
2016-08-31,19737.70618057251,20000
2016-09-01,19733.785343170166,20000
2016-09-02,19821.005283355713,20000
2016-09-06,19882.745761871338,20000
2016-09-07,19881.766300201416,20000
2016-09-08,19835.70618057251,20000
2016-09-09,19361.3850440979,20000
2016-09-12,19635.785343170166,20000
2016-09-13,19273.18564224243,20000
2016-09-14,19261.426120758057,20000
2016-09-15,19457.426120758057,20000
2016-09-16,19381.965702056885,20000
2016-09-19,19387.845462799072,20000
2016-09-20,19389.805881500244,20000
2016-09-21,19605.40558242798,20000
2016-09-22,19722.02582168579,20000
2016-09-23,19617.165103912354,20000
2016-09-26,19462.326419830322,20000
2016-09-27,19579.926120758057,20000
2016-09-28,19684.785343170166,20000
2016-09-29,19501.52582168579,20000
2016-09-30,20656.36600112915,21000
2016-10-03,20591.475498199463,21000
2016-10-04,20496.715686798096,21000
2016-10-05,20581.176441192627,21000
2016-10-06,20604.86600112915,21000
2016-10-07,20529.676441192627,21000
2016-10-10,20623.40524673462,21000
2016-10-11,20375.176441192627,21000
2016-10-12,20400.926441192627,21000
2016-10-13,20336.03593826294,21000
2016-10-14,20341.186252593994,21000
2016-10-17,20281.44606399536,21000
2016-10-18,20399.895435333252,21000
2016-10-19,20455.516315460205,21000
2016-10-20,20422.555561065674,21000
2016-10-21,20427.70587539673,21000
2016-10-24,20510.106189727783,21000
2016-10-25,20452.426441192627,21000
2016-10-26,20407.106189727783,21000
2016-10-27,20353.545749664307,21000
2016-10-28,20289.686252593994,21000
2016-10-31,21289.686252593994,22000
2016-11-01,21141.446186065674,22000
2016-11-02,21001.926319122314,22000
2016-11-03,20920.176319122314,22000
2016-11-04,20891.83525466919,22000
2016-11-07,21349.634922027588,22000
2016-11-08,21447.735919952393,22000
2016-11-09,21676.634922027588,22000
2016-11-10,21726.77565383911,22000
2016-11-11,21686.446186065674,22000
2016-11-14,21689.716053009033,22000
2016-11-15,21865.206119537354,22000
2016-11-16,21828.146518707275,22000
2016-11-17,21931.696186065674,22000
2016-11-18,21892.456119537354,22000
2016-11-21,22053.77565383911,22000
2016-11-22,22094.10512161255,22000
2016-11-23,22113.725986480713,22000
2016-11-25,22202.01572036743,22000
2016-11-28,22097.37498855591,22000
2016-11-29,22132.255786895752,22000
2016-11-30,23082.11505508423,23000
2016-12-01,22992.055820465088,23000
2016-12-02,23008.01575088501,23000
2016-12-05,23140.25616836548,23000
2016-12-06,23221.195194244385,23000
2016-12-07,23515.31540298462,23000
2016-12-08,23576.876377105713,23000
2016-12-09,23720.51575088501,23000
2016-12-12,23694.296237945557,23000
2016-12-13,23856.176029205322,23000
2016-12-14,23658.95651626587,23000
2016-12-15,23746.735263824463,23000
2016-12-16,23705.695194244385,23000
2016-12-19,23759.27533340454,23000
2016-12-20,23850.47568130493,23000
2016-12-21,23785.496585845947,23000
2016-12-22,23607.655124664307,23000
2016-12-23,23628.176029205322,23000
2016-12-27,23686.31540298462,23000
2016-12-28,23499.355472564697,23000
2016-12-29,23494.796237945557,23000
2016-12-30,24413.855472564697,24000
2017-01-03,24582.596408843994,24000
2017-01-04,24726.556552886963,24000
2017-01-05,24707.676120758057,24000
2017-01-06,24803.25583267212,24000
2017-01-09,24725.375400543213,24000
2017-01-10,24721.83554458618,24000
2017-01-11,24791.455112457275,24000
2017-01-12,24737.176120758057,24000
2017-01-13,24785.556552886963,24000
2017-01-17,24698.235904693604,24000
2017-01-18,24750.15619277954,24000
2017-01-19,24667.556552886963,24000
2017-01-20,24746.61633682251,24000
2017-01-23,24689.97504043579,24000
2017-01-24,24845.735904693604,24000
2017-01-25,25051.056552886963,24000
2017-01-26,25032.176120758057,24000
2017-01-27,24996.775760650635,24000
2017-01-30,24846.915256500244,24000
2017-01-31,25845.735904693604,25000
2017-02-01,25849.42575454712,25000
2017-02-02,25860.495304107666,25000
2017-02-03,26051.145679473877,25000
2017-02-06,25997.02537918091,25000
2017-02-07,26003.17575454712,25000
2017-02-08,26036.386280059814,25000
2017-02-09,26183.985904693604,25000
2017-02-10,26288.536655426025,25000
2017-02-13,26427.52537918091,25000
2017-02-14,26536.995304107666,25000
2017-02-15,26671.064853668213,25000
2017-02-16,26650.15507888794,25000
2017-02-17,26690.745304107666,25000
2017-02-21,26846.95582962036,25000
2017-02-22,26834.65507888794,25000
2017-02-23,26849.416355133057,25000
2017-02-24,26881.395679473877,25000
2017-02-27,26920.756580352783,25000
2017-02-28,27842.036655426025,26000
2017-03-01,28236.274936676025,26000
2017-03-02,28071.155796051025,26000
2017-03-03,28086.515171051025,26000
2017-03-06,27999.476108551025,26000
2017-03-07,27914.995639801025,26000
2017-03-08,27856.114780426025,26000
2017-03-09,27885.556186676025,26000
2017-03-10,27982.835483551025,26000
2017-03-13,27999.476108551025,26000
2017-03-14,27904.755405426025,26000
2017-03-15,28136.435092926025,26000
2017-03-16,28089.075717926025,26000
2017-03-17,28032.755405426025,26000
2017-03-20,28008.435092926025,26000
2017-03-21,27651.315952301025,26000
2017-03-22,27579.636264801025,26000
2017-03-23,27551.476108551025,26000
2017-03-24,27542.515171051025,26000
2017-03-27,27497.716342926025,26000
2017-03-28,27701.235874176025,26000
2017-03-29,27742.194858551025,26000
2017-03-30,27816.435092926025,26000
2017-03-31,28749.876499176025,27000
2017-04-03,28714.23593521118,27000
2017-04-04,28730.07529067993,27000
2017-04-05,28642.954807281494,27000
2017-04-06,28716.876499176025,27000
2017-04-07,28691.7961769104,27000
2017-04-10,28711.595371246338,27000
2017-04-11,28675.954807281494,27000
2017-04-12,28558.4748878479,27000
2017-04-13,28369.715854644775,27000
2017-04-17,28616.555210113525,27000
2017-04-18,28538.675693511963,27000
2017-04-19,28476.63553237915,27000
2017-04-20,28707.63553237915,27000
2017-04-21,28624.4748878479,27000
2017-04-24,28928.07529067993,27000
2017-04-25,29100.994968414307,27000
2017-04-26,29079.876499176025,27000
2017-04-27,29102.316257476807,27000
2017-04-28,30046.876499176025,28000
2017-05-01,30119.486331939697,28000
2017-05-02,30129.075244903564,28000
2017-05-03,30098.935077667236,28000
2017-05-04,30126.334659576416,28000
2017-05-05,30246.89532852173,28000
2017-05-08,30248.266666412354,28000
2017-05-09,30209.90474319458,28000
2017-05-10,30266.075244903564,28000
2017-05-11,30204.425662994385,28000
2017-05-12,30157.84616470337,28000
2017-05-15,30309.916248321533,28000
2017-05-16,30304.435077667236,28000
2017-05-17,29768.766666412354,28000
2017-05-18,29876.99574661255,28000
2017-05-19,30061.94658279419,28000
2017-05-22,30229.084659576416,28000
2017-05-23,30287.99574661255,28000
2017-05-24,30360.60557937622,28000
2017-05-25,30501.715412139893,28000
2017-05-26,30503.084659576416,28000
2017-05-30,30474.315830230713,28000
2017-05-31,31467.465412139893,29000
2017-06-01,31711.3948097229,29000
2017-06-02,31810.096530914307,29000
2017-06-05,31788.945240020752,29000
2017-06-06,31698.705326080322,29000
2017-06-07,31750.87463760376,29000
2017-06-08,31762.15489578247,29000
2017-06-09,31725.495670318604,29000
2017-06-12,31712.806186676025,29000
2017-06-13,31866.495670318604,29000
2017-06-14,31832.65489578247,29000
2017-06-15,31769.205326080322,29000
2017-06-16,31777.66498184204,29000
2017-06-19,32035.695240020752,29000
2017-06-20,31827.015842437744,29000
2017-06-21,31814.326358795166,29000
2017-06-22,31795.995670318604,29000
2017-06-23,31707.16498184204,29000
2017-06-26,31717.036014556885,29000
2017-06-27,31466.056186676025,29000
2017-06-28,31742.41498184204,29000
2017-06-29,31470.286014556885,29000
2017-06-30,32522.455326080322,30000
2017-07-03,32593.996128082275,30000
2017-07-05,32650.936038970947,30000
2017-07-06,32358.936038970947,30000
2017-07-07,32563.335147857666,30000
2017-07-10,32596.916751861572,30000
2017-07-11,32572.094791412354,30000
2017-07-12,32815.91675186157,30000
2017-07-13,32871.395236968994,30000
2017-07-14,33020.31586074829,30000
2017-07-17,33024.695682525635,30000
2017-07-18,33049.51541519165,30000
2017-07-19,33223.25577163696,30000
2017-07-20,33233.4746131897,30000
2017-07-21,33210.11630630493,30000
2017-07-24,33198.43603897095,30000
2017-07-25,33277.27505874634,30000
2017-07-26,33287.496128082275,30000
2017-07-27,33248.07550430298,30000
2017-07-28,33210.11630630493,30000
2017-07-31,34191.13559341431,31000
2017-08-01,34267.6347694397,31000
2017-08-02,34287.13550186157,31000
2017-08-03,34227.136417388916,31000
2017-08-04,34284.13486099243,31000
2017-08-07,34339.636417388916,31000
2017-08-08,34272.13458633423,31000
2017-08-09,34252.63614273071,31000
2017-08-10,33784.63458633423,31000
2017-08-11,33829.6350440979,31000
2017-08-14,34159.63458633423,31000
2017-08-15,34162.63522720337,31000
2017-08-16,34216.6353187561,31000
2017-08-17,33687.13550186157,31000
2017-08-18,33625.634952545166,31000
2017-08-21,33666.13559341431,31000
2017-08-22,34005.1347694397,31000
2017-08-23,33889.636417388916,31000
2017-08-24,33811.635776519775,31000
2017-08-25,33885.136600494385,31000
2017-08-28,33897.13458633423,31000
2017-08-29,33922.636600494385,31000
2017-08-30,34090.63586807251,31000
2017-08-31,35290.13614273071,32000
2017-09-01,35350.58604812622,32000
2017-09-05,35090.18481826782,32000
2017-09-06,35212.63614273071,32000
2017-09-07,35204.88566970825,32000
2017-09-08,35150.63472366333,32000
2017-09-11,35533.484912872314,32000
2017-09-12,35663.686710357666,32000
2017-09-13,35685.386615753174,32000
2017-09-14,35672.9863319397,32000
2017-09-15,35722.5851020813,32000
2017-09-18,35784.58652114868,32000
2017-09-19,35827.9863319397,32000
2017-09-20,35665.235858917236,32000
2017-09-21,35564.48680496216,32000
2017-09-22,35559.83462905884,32000
2017-09-25,35507.13519668579,32000
2017-09-26,35519.53548049927,32000
2017-09-27,35657.485385894775,32000
2017-09-28,35699.33604812622,32000
2017-09-29,36826.43481826782,33000
2017-10-02,36980.66501235962,33000
2017-10-03,37055.395206451416,33000
2017-10-04,37106.2763710022,33000
2017-10-05,37325.694721221924,33000
2017-10-06,37290.71452713013,33000
2017-10-09,37225.5263710022,33000
2017-10-10,37319.33578872681,33000
2017-10-11,37379.756565093994,33000
2017-10-12,37322.516468048096,33000
2017-10-13,37363.85559463501,33000
2017-10-16,37422.68481826782,33000
2017-10-17,37446.5362739563,33000
2017-10-18,37479.92491531372,33000
2017-10-19,37499.006565093994,33000
2017-10-20,37685.0362739563,33000
2017-10-23,37548.2961769104,33000
2017-10-24,37600.766468048096,33000
2017-10-25,37421.09569168091,33000
2017-10-26,37456.075885772705,33000
2017-10-27,37774.075885772705,33000
2017-10-30,37637.33578872681,33000
2017-10-31,38680.266468048096,34000
2017-11-01,38747.09457778931,34000
2017-11-02,38763.39557266235,34000
2017-11-03,38892.164478302,34000
2017-11-06,38950.84457778931,34000
2017-11-07,38934.54607009888,34000
2017-11-08,38991.59457778931,34000
2017-11-09,38851.414478302,34000
2017-11-10,38828.59457778931,34000
2017-11-13,38874.236865997314,34000
2017-11-14,38779.6965675354,34000
2017-11-15,38582.46547317505,34000
2017-11-16,38910.09457778931,34000
2017-11-17,38805.77467727661,34000
2017-11-20,38856.30676651001,34000
2017-11-21,39113.84457778931,34000
2017-11-22,39086.13487625122,34000
2017-11-24,39167.63487625122,34000
2017-11-27,39156.22616958618,34000
2017-11-28,39542.535373687744,34000
2017-11-29,39527.86597061157,34000
2017-11-30,40857.126667022705,35000
2017-12-01,40781.974628448486,35000
2017-12-04,40738.555545806885,35000
2017-12-05,40594.935443878174,35000
2017-12-06,40593.26636123657,35000
2017-12-07,40726.86687088013,35000
2017-12-08,40947.305545806885,35000
2017-12-11,41079.234424591064,35000
2017-12-12,41149.376667022705,35000
2017-12-13,41139.354526519775,35000
2017-12-14,40977.36687088013,35000
2017-12-15,41319.71483230591,35000
2017-12-18,41575.224628448486,35000
2017-12-19,41424.925647735596,35000
2017-12-20,41393.19524002075,35000
2017-12-21,41476.69524002075,35000
2017-12-22,41468.3447303772,35000
2017-12-26,41222.854526519775,35000
2017-12-27,41246.234424591064,35000
2017-12-28,41323.055545806885,35000
2017-12-29,42181.104526519775,36000
2018-01-02,42488.90504837036,36000
2018-01-03,42740.275257110596,36000
2018-01-04,42926.66463088989,36000
2018-01-05,43200.265674591064,36000
2018-01-08,43289.186405181885,36000
2018-01-09,43379.81619644165,36000
2018-01-10,43306.28483963013,36000
2018-01-11,43624.344944000244,36000
2018-01-12,43911.62630081177,36000
2018-01-16,43752.594944000244,36000
2018-01-17,44173.25609207153,36000
2018-01-18,44113.40504837036,36000
2018-01-19,44299.79442214966,36000
2018-01-22,44653.765674591064,36000
2018-01-23,44754.65504837036,36000
2018-01-24,44732.424213409424,36000
2018-01-25,44752.943378448486,36000
2018-01-26,45271.07316970825,36000
2018-01-29,44959.857135772705,36000
2018-01-30,44482.765674591064,36000
2018-01-31,45523.80400466919,37000
2018-02-01,45478.307636260986,37000
2018-02-02,44508.80614089966,37000
2018-02-05,42688.80453872681,37000
2018-02-06,43474.55550003052,37000
2018-02-07,43238.30443191528,37000
2018-02-08,41638.80453872681,37000
2018-02-09,42277.55614089966,37000
2018-02-12,42855.056674957275,37000
2018-02-13,42998.55528640747,37000
2018-02-14,43558.55475234985,37000
2018-02-15,44120.30592727661,37000
2018-02-16,44115.05614089966,37000
2018-02-20,43849.055393218994,37000
2018-02-21,43619.80582046509,37000
2018-02-22,43672.306354522705,37000
2018-02-23,44386.306674957275,37000
2018-02-26,44895.55464553833,37000
2018-02-27,44325.05560684204,37000
2018-02-28,44835.055072784424,38000
2018-03-01,44246.14627456665,38000
2018-03-02,44480.63583755493,38000
2018-03-05,44988.99518203735,38000
2018-03-06,45101.76605606079,38000
2018-03-07,45082.07594680786,38000
2018-03-08,45291.50561904907,38000
2018-03-09,46071.945728302,38000
2018-03-12,46027.195728302,38000
2018-03-13,45724.68529129028,38000
2018-03-14,45484.82594680786,38000
2018-03-15,45441.864963531494,38000
2018-03-16,45488.40671157837,38000
2018-03-19,44883.38583755493,38000
2018-03-20,44962.14627456665,38000
2018-03-21,44858.32594680786,38000
2018-03-22,43748.52649307251,38000
2018-03-23,42821.305072784424,38000
2018-03-26,43795.06550979614,38000
2018-03-27,43039.68529129028,38000
2018-03-28,42919.75561904907,38000
2018-03-29,43535.51605606079,38000
2018-04-02,42533.114963531494,38000
2018-04-03,43070.114963531494,38000
2018-04-04,43564.15671157837,38000
2018-04-05,43877.40671157837,38000
2018-04-06,42916.174854278564,38000
2018-04-09,43089.805072784424,38000
2018-04-10,43796.854526519775,38000
2018-04-11,43565.945728302,38000
2018-04-12,43929.31550979614,38000
2018-04-13,43807.5968208313,38000
2018-04-16,44162.01605606079,38000
2018-04-17,44634.57594680786,38000
2018-04-18,44659.63583755493,38000
2018-04-19,44416.195728302,38000
2018-04-20,44058.195728302,38000
2018-04-23,44038.50561904907,38000
2018-04-24,43440.64627456665,38000
2018-04-25,43551.62540054321,38000
2018-04-26,43997.33638381958,38000
2018-04-27,44043.87540054321,38000
2018-04-30,44685.87540054321,39000
2018-05-01,44781.036182403564,39000
2018-05-02,44477.25551223755,39000
2018-05-03,44372.946964263916,39000
2018-05-04,44958.546405792236,39000
2018-05-07,45097.62540054321,39000
2018-05-08,45095.796405792236,39000
2018-05-09,45531.334506988525,39000
2018-05-10,45955.89584732056,39000
2018-05-11,46067.52595901489,39000
2018-05-14,46118.76573562622,39000
2018-05-15,45804.00551223755,39000
2018-05-16,45997.985065460205,39000
2018-05-17,45959.55662918091,39000
2018-05-18,45846.0947303772,39000
2018-05-21,46180.985065460205,39000
2018-05-22,46049.22484207153,39000
2018-05-23,46191.96461868286,39000
2018-05-24,46104.12540054321,39000
2018-05-25,45988.834506988525,39000
2018-05-29,45459.96461868286,39000
2018-05-30,46056.546405792236,39000
2018-05-31,46760.084506988525,40000
2018-06-01,47250.02644729614,40000
2018-06-04,47457.596561431885,40000
2018-06-05,47523.04484939575,40000
2018-06-06,47900.78564834595,40000
2018-06-07,47878.346561431885,40000
2018-06-08,48027.947132110596,40000
2018-06-11,48089.65462112427,40000
2018-06-12,48170.06325149536,40000
2018-06-13,47979.32530593872,40000
2018-06-14,48117.703479766846,40000
2018-06-15,48076.566104888916,40000
2018-06-18,47962.495990753174,40000
2018-06-19,47781.10576248169,40000
2018-06-20,47867.12701797485,40000
2018-06-21,47569.79484939575,40000
2018-06-22,47653.947132110596,40000
2018-06-25,46997.57530593872,40000
2018-06-26,47100.42587661743,40000
2018-06-27,46711.465534210205,40000
2018-06-28,46776.91667556763,40000
2018-06-29,47894.72473526001,41000
2018-07-02,47950.11636734009,41000
2018-07-03,47757.20450210571,41000
2018-07-05,48164.0354347229,41000
2018-07-06,48563.22473526001,41000
2018-07-09,48991.065784454346,41000
2018-07-10,49161.05858230591,41000
2018-07-11,48826.8056678772,41000
2018-07-12,49243.18718338013,41000
2018-07-13,49285.207416534424,41000
2018-07-16,49254.64671707153,41000
2018-07-17,49464.74788284302,41000
2018-07-18,49554.518115997314,41000
2018-07-19,49367.33601760864,41000
2018-07-20,49321.49788284302,41000
2018-07-23,49415.08601760864,41000
2018-07-24,49646.194385528564,41000
2018-07-25,50098.86345291138,41000
2018-07-26,49951.79555130005,41000
2018-07-27,49629.005084991455,41000
2018-07-30,49344.41695022583,41000
2018-07-31,50592.71461868286,42000
2018-08-01,50530.313190460205,42000
2018-08-02,50785.76866531372,42000
2018-08-03,51033.416522979736,42000
2018-08-06,51224.51866531372,42000
2018-08-07,51366.86485671997,42000
2018-08-08,51339.56795120239,42000
2018-08-09,51275.21461868286,42000
2018-08-10,50928.11485671997,42000
2018-08-13,50737.01866531372,42000
2018-08-14,51062.66533279419,42000
2018-08-15,50688.26866531372,42000
2018-08-16,51097.76390457153,42000
2018-08-17,51267.412952423096,42000
2018-08-20,51380.51628494263,42000
2018-08-21,51491.66771316528,42000
2018-08-22,51476.06438064575,42000
2018-08-23,51401.963428497314,42000
2018-08-24,51723.7181892395,42000
2018-08-27,52111.76628494263,42000
2018-08-28,52141.01509475708,42000
2018-08-29,52425.713428497314,42000
2018-08-30,52213.16414260864,42000
2018-08-31,53215.11604690552,43000
2018-09-04,53141.487018585205,43000
2018-09-05,52992.237018585205,43000
2018-09-06,52837.01726150513,43000
2018-09-07,52709.654346466064,43000
2018-09-10,52809.154346466064,43000
2018-09-11,53008.154346466064,43000
2018-09-12,53014.12410354614,43000
2018-09-13,53314.61604690552,43000
2018-09-14,53342.47288894653,43000
2018-09-17,53041.987018585205,43000
2018-09-18,53330.53337478638,43000
2018-09-19,53390.237018585205,43000
2018-09-20,53818.085803985596,43000
2018-09-21,53780.27531814575,43000
2018-09-24,53601.17653274536,43000
2018-09-25,53535.503131866455,43000
2018-09-26,53139.49507522583,43000
2018-09-27,53286.753131866455,43000
2018-09-28,54280.78337478638,44000
2018-10-01,54481.75758743286,44000
2018-10-02,54475.667835235596,44000
2018-10-03,54522.353870391846,44000
2018-10-04,54075.75758743286,44000
2018-10-05,53771.25758743286,44000
2018-10-08,53757.046100616455,44000
2018-10-09,53688.02684402466,44000
2018-10-10,51956.43709182739,44000
2018-10-11,50864.296100616455,44000
2018-10-12,51550.43709182739,44000
2018-10-15,51268.26721572876,44000
2018-10-16,52358.37312698364,44000
2018-10-17,52376.6485786438,44000
2018-10-18,51641.78647232056,44000
2018-10-19,51601.18709182739,44000
2018-10-22,51388.03647232056,44000
2018-10-23,51079.475605010986,44000
2018-10-24,49556.975605010986,44000
2018-10-25,50444.08461380005,44000
2018-10-26,46526.43589782715,44000
2018-10-29,44039.336040496826,44000
2018-10-30,45741.03575515747,44000
2018-10-31,49826.53504180908,45000
2018-11-01,52002.22751712799,45000
2018-11-02,49673.85518741608,45000
2018-11-05,49187.18928909302,45000
2018-11-06,50227.32193470001,45000
2018-11-07,54845.89208030701,45000
2018-11-08,53910.72751712799,45000
2018-11-09,51172.02739620209,45000
2018-11-12,46677.510769844055,45000
2018-11-13,46658.42533302307,45000
2018-11-14,45475.157371520996,45000
2018-11-15,47908.49414348602,45000
2018-11-16,47383.657371520996,45000
2018-11-19,42841.42533302307,45000
2018-11-20,40465.344871520996,45000
2018-11-21,40599.80446624756,45000
2018-11-23,39700.765323638916,45000
2018-11-26,42425.98018074036,45000
2018-11-27,42866.13632392883,45000
2018-11-28,46930.54646682739,45000
2018-11-29,46499.75732421875,45000
2018-11-30,48473.71460914612,46000
2018-12-03,50959.966797828674,46000
2018-12-04,45356.34121417999,46000
2018-12-06,46016.15240097046,46000
2018-12-07,44950.550594329834,46000
2018-12-10,45004.20217514038,46000
2018-12-11,45017.15070724487,46000
2018-12-12,45265.052852630615,46000
2018-12-13,45250.2525138855,46000
2018-12-14,44417.7525138855,46000
2018-12-17,43280.00082015991,46000
2018-12-18,43263.35149765015,46000
2018-12-19,40135.61318874359,46000
2018-12-20,38524.036747932434,46000
2018-12-21,37760.738408088684,46000
2018-12-24,36725.43903064728,46000
2018-12-26,38575.03726673126,46000
2018-12-27,39123.54046154022,46000
2018-12-28,38962.21792316437,46000
2018-12-31,40844.127594947815,47000
2019-01-02,41428.45124912262,47000
2019-01-03,37415.35192203522,47000
2019-01-04,42200.20209026337,47000
2019-01-07,43545.25343608856,47000
2019-01-08,44802.102763175964,47000
2019-01-09,45860.50175380707,47000
2019-01-10,46301.50343608856,47000
2019-01-11,45750.25343608856,47000
2019-01-14,44559.55141735077,47000
2019-01-15,47029.15326786041,47000
2019-01-16,47095.30057621002,47000
2019-01-17,48197.80057621002,47000
2019-01-18,49520.80141735077,47000
2019-01-22,46786.60192203522,47000
2019-01-23,46830.702931404114,47000
2019-01-24,47657.577931404114,47000
2019-01-25,49355.424735069275,47000
2019-01-28,47536.302258491516,47000
2019-01-29,46191.25091266632,47000
2019-01-30,49653.10023975372,47000
2019-01-31,52836.049735069275,48000
2019-02-01,52161.801449775696,48000
2019-02-04,54072.177307128906,48000
2019-02-05,55499.34032154083,48000
2019-02-06,55061.0785074234,48000
2019-02-07,52813.5785074234,48000
2019-02-08,53083.27610683441,48000
2019-02-11,52959.66292095184,48000
2019-02-12,55252.113949775696,48000
2019-02-13,55364.487235069275,48000
2019-02-14,55566.76257801056,48000
2019-02-15,56229.7752494812,48000
2019-02-19,56566.90367889404,48000
2019-02-20,56521.95265007019,48000
2019-02-21,55881.415493011475,48000
2019-02-22,57095.06326389313,48000
2019-02-25,57724.364807128906,48000
2019-02-26,57904.164635658264,48000
2019-02-27,57724.364807128906,48000
2019-02-28,58364.76515007019,49000
2019-03-01,59531.13567352295,49000
2019-03-04,59542.56875419617,49000
2019-03-05,59691.22497558594,49000
2019-03-06,58662.07323074341,49000
2019-03-07,56523.72945213318,49000
2019-03-08,56203.5508480072,49000
2019-03-11,59714.095499038696,49000
2019-03-12,60686.06875419617,49000
2019-03-13,62001.095499038696,49000
2019-03-14,61726.653579711914,49000
2019-03-15,63258.94375419617,49000
2019-03-18,63830.69375419617,49000
2019-03-19,64471.05532455444,49000
2019-03-20,65191.45718383789,49000
2019-03-21,68210.3008480072,49000
2019-03-22,63750.64910316467,49000
2019-03-25,63350.4258480072,49000
2019-03-26,64219.48392868042,49000
2019-03-27,62961.63567352295,49000
2019-03-28,63361.85892868042,49000
2019-03-29,65791.23392868042,50000
2019-04-01,68380.2633972168,50000
2019-04-02,69134.9151687622,50000
2019-04-03,70330.74375152588,50000
2019-04-04,70226.25357437134,50000
2019-04-05,71282.7633972168,50000
2019-04-08,71840.04286575317,50000
2019-04-09,71050.56251144409,50000
2019-04-10,72199.95446014404,50000
2019-04-11,71654.28304290771,50000
2019-04-12,72536.64552307129,50000
2019-04-15,72594.69463729858,50000
2019-04-16,73302.90534591675,50000
2019-04-17,74034.33215713501,50000
2019-04-18,74266.53304290771,50000
2019-04-22,74893.47410583496,50000
2019-04-23,77737.92056274414,50000
2019-04-24,76983.27764892578,50000
2019-04-25,77842.4151687622,50000
2019-04-26,78121.05268859863,50000
2019-04-29,78539.0133972168,50000
2019-04-30,77739.45985412598,51000
2019-05-01,76845.5163154602,51000
2019-05-02,75904.51272583008,51000
2019-05-03,79480.31380271912,51000
2019-05-06,78057.05237960815,51000
2019-05-07,73516.72666168213,51000
2019-05-08,72869.79005908966,51000
2019-05-09,71717.06559753418,51000
2019-05-10,71917.0259437561,51000
2019-05-13,64483.126302719116,51000
2019-05-14,66506.27773857117,51000
2019-05-15,69270.4634437561,51000
2019-05-16,71434.76362323761,51000
2019-05-17,69211.65184116364,51000
2019-05-20,65741.7134437561,51000
2019-05-21,67717.81380271912,51000
2019-05-22,66835.62630271912,51000
2019-05-23,63683.2759437561,51000
2019-05-24,63589.178277015686,51000
2019-05-28,62906.95112323761,51000
2019-05-29,61330.7759437561,51000
2019-05-30,62060.04968738556,51000
2019-05-31,60072.37809753418,52000
2019-06-03,56233.21463012695,52000
2019-06-04,60789.97627258301,52000
2019-06-05,62129.49499511719,52000
2019-06-06,63564.69590759277,52000
2019-06-07,67188.57444763184,52000
2019-06-10,69640.37809753418,52000
2019-06-11,69903.49499511719,52000
2019-06-12,68719.45755004883,52000
2019-06-13,69843.69590759277,52000
2019-06-14,68934.73791503906,52000
2019-06-17,70190.53700256348,52000
2019-06-18,73228.37809753418,52000
2019-06-19,74089.49499511719,52000
2019-06-20,76122.69590759277,52000
2019-06-21,75775.85481262207,52000
2019-06-24,75751.93882751465,52000
2019-06-25,71876.89682006836,52000
2019-06-26,72785.85481262207,52000
2019-06-27,73575.21463012695,52000
2019-06-28,74886.1771850586,53000
2019-07-01,77868.31569957733,53000
2019-07-02,78813.86921977997,53000
2019-07-03,80559.50293064117,53000
2019-07-05,80038.23506069183,53000
2019-07-08,78353.20830059052,53000
2019-07-09,79529.09228038788,53000
2019-07-10,81880.8602399826,53000
2019-07-11,81662.65487003326,53000
2019-07-12,83032.4940404892,53000
2019-07-15,83735.60126018524,53000
2019-07-16,82547.59219074249,53000
2019-07-17,81323.22634983063,53000
2019-07-18,81674.77995967865,53000
2019-07-19,79698.8065404892,53000
2019-07-22,81577.7977399826,53000
2019-07-23,83153.71719074249,53000
2019-07-24,84923.61032962799,53000
2019-07-25,82499.11032962799,53000
2019-07-26,84947.85126018524,53000
2019-07-29,84159.88691043854,53000
2019-07-30,83032.4940404892,53000
2019-07-31,80529.09228038788,54000
2019-08-01,79399.79452800751,54000
2019-08-02,75766.39565181732,54000
2019-08-05,67812.19621372223,54000
2019-08-06,68682.43241977692,54000
2019-08-07,68729.058426857,54000
2019-08-08,70065.49147129059,54000
2019-08-09,69578.57811069489,54000
2019-08-12,68765.31431674957,54000
2019-08-13,69827.21589756012,54000
2019-08-14,67731.90684604645,54000
2019-08-15,67944.2887430191,54000
2019-08-16,68936.2552652359,54000
2019-08-19,69780.59779453278,54000
2019-08-20,69241.87336826324,54000
2019-08-21,69801.31431674957,54000
2019-08-22,69775.41273593903,54000
2019-08-23,67990.90684604645,54000
2019-08-26,68742.0052652359,54000
2019-08-27,68472.64305210114,54000
2019-08-28,68946.61747837067,54000
2019-08-29,69840.16273593903,54000
2019-08-30,70811.67652988434,55000
2019-09-03,70419.80107212067,55000
2019-09-04,71171.98524570465,55000
2019-09-05,72110.89717197418,55000
2019-09-06,72163.49235630035,55000
2019-09-09,72181.90428256989,55000
2019-09-10,72197.68364048004,55000
2019-09-11,72715.79396152496,55000
2019-09-12,72928.82331943512,55000
2019-09-13,72910.41139316559,55000
2019-09-16,72671.08845615387,55000
2019-09-17,72868.33845615387,55000
2019-09-18,72913.04396152496,55000
2019-09-19,72897.2646036148,55000
2019-09-20,72508.02171421051,55000
2019-09-23,72557.99235630035,55000
2019-09-24,71958.35267734528,55000
2019-09-25,72397.56620883942,55000
2019-09-26,71913.64717197418,55000
2019-09-27,71511.2574930191,55000
2019-09-30,72863.67652988434,56000
2019-10-01,71987.91685581207,56000
2019-10-02,70719.66685581207,56000
2019-10-03,71280.36848545074,56000
2019-10-04,72268.26359653473,56000
2019-10-07,71958.54261875153,56000
2019-10-08,70842.48457431793,56000
2019-10-09,71501.97490024567,56000
2019-10-10,71987.91685581207,56000
2019-10-11,72738.1862039566,56000
2019-10-14,72671.4362039566,56000
2019-10-15,73373.64750766754,56000
2019-10-16,73258.83131504059,56000
2019-10-17,73456.41685581207,56000
2019-10-18,73154.70555210114,56000
2019-10-21,73664.67652988434,56000
2019-10-22,73405.6862039566,56000
2019-10-23,73621.95555210114,56000
2019-10-24,73742.10881137848,56000
2019-10-25,74049.1571817398,56000
2019-10-28,74479.023270607,56000
2019-10-29,74430.9652261734,56000
2019-10-30,74692.62815952301,56000
2019-10-31,75452.32164096832,57000
2019-11-01,76167.8282327652,57000
2019-11-04,76470.22691440582,57000
2019-11-05,76373.02262973785,57000
2019-11-06,76413.52098178864,57000
2019-11-07,76683.52098178864,57000
2019-11-08,76869.82164096832,57000
2019-11-11,76721.32493686676,57000
2019-11-12,76872.52427768707,57000
2019-11-13,76904.9229593277,57000
2019-11-14,77007.52427768707,57000
2019-11-15,77579.9229593277,57000
2019-11-18,77628.52098178864,57000
2019-11-19,77590.7252664566,57000
2019-11-20,77318.02262973785,57000
2019-11-21,77199.22197055817,57000
2019-11-22,77369.32328891754,57000
2019-11-25,77955.22691440582,57000
2019-11-26,78111.82328891754,57000
2019-11-27,78479.02757358551,57000
2019-11-29,79179.32328891754,58000
2019-12-02,78535.42161655426,58000
2019-12-03,77984.68730258942,58000
2019-12-04,78483.36094760895,58000
2019-12-05,78628.5889749527,58000
2019-12-06,79327.28563022614,58000
2019-12-09,79086.16429233551,58000
2019-12-10,79012.18730258942,58000
2019-12-11,79217.68730258942,58000
2019-12-12,79913.6412820816,58000
2019-12-13,79943.78563022614,58000
2019-12-16,80508.22496128082,58000
2019-12-17,80524.66429233551,58000
2019-12-18,80530.1412820816,58000
2019-12-19,80864.42161655426,58000
2019-12-20,81275.42161655426,58000
2019-12-23,80963.06596469879,58000
2019-12-24,80963.06596469879,58000
2019-12-26,81376.80864048004,58000
2019-12-27,81376.80864048004,58000
2019-12-30,80930.18730258942,58000
2019-12-31,82138.42161655426,59000
2020-01-02,82864.16871738434,59000
2020-01-03,82260.30229282379,59000
2020-01-06,82567.77668857574,59000
2020-01-07,82340.63465976715,59000
2020-01-08,82764.44432163239,59000
2020-01-09,83335.06364536285,59000
2020-01-10,83096.84770298004,59000
2020-01-13,83645.30229282379,59000
2020-01-14,83534.50398349762,59000
2020-01-15,83720.09770298004,59000
2020-01-16,84418.13465976715,59000
2020-01-17,84703.44432163239,59000
2020-01-21,84528.93296909332,59000
2020-01-22,84551.09770298004,59000
2020-01-23,84634.19432163239,59000
2020-01-24,83864.13465976715,59000
2020-01-27,82534.5380411148,59000
2020-01-28,83426.47837924957,59000
2020-01-29,83343.37330722809,59000
2020-01-30,83603.75398349762,59000
2020-01-31,83107.95567417145,60000
2020-02-03,83712.10395908356,60000
2020-02-04,85001.89293003082,60000
2020-02-05,85962.91670322418,60000
2020-02-06,86255.15910434723,60000
2020-02-07,85816.79121494293,60000
2020-02-10,86432.18190097809,60000
2020-02-11,86589.54121494293,60000
2020-02-12,87145.92430210114,60000
2020-02-13,87061.62773227692,60000
2020-02-14,87207.74464511871,60000
2020-02-18,86968.89293003082,60000
2020-02-19,87387.58876132965,60000
2020-02-20,87044.76841831207,60000
2020-02-21,86142.75224399567,60000
2020-02-24,83262.50224399567,60000
2020-02-25,80761.60395908356,60000
2020-02-26,80404.73704624176,60000
2020-02-27,76841.65910434723,60000
2020-02-28,77378.00224399567,61000
2020-03-02,80822.92363071442,61000
2020-03-03,78599.20744419098,61000
2020-03-04,81848.16813755035,61000
2020-03-05,79113.2467508316,61000
2020-03-06,77789.80571079254,61000
2020-03-09,71803.08519077301,61000
2020-03-10,75125.88432407379,61000
2020-03-11,71411.16380405426,61000
2020-03-12,64524.16380405426,61000
2020-03-13,70533.60484409332,61000
2020-03-16,62277.72709751129,61000
2020-03-17,72425.24908733368,61000
2020-03-18,68478.94568157196,61000
2020-03-19,70064.16541576385,61000
2020-03-20,67020.96831798553,61000
2020-03-23,64963.50792980194,61000
2020-03-24,71158.14657115936,61000
2020-03-25,69508.30808162689,61000
2020-03-26,80828.46358013153,61000
2020-03-27,72432.27457714081,61000
2020-03-30,80044.38432788849,61000
2020-03-31,78822.82333087921,62000
2020-04-01,69044.72858333588,62000
2020-04-02,70658.18118953705,62000
2020-04-03,69615.08174800873,62000
2020-04-06,74345.63007259369,62000
2020-04-07,74385.2815618515,62000
2020-04-08,76907.62821102142,62000
2020-04-09,78048.32988643646,62000
2020-04-13,77291.93118953705,62000
2020-04-14,79649.58454036713,62000
2020-04-15,77917.18212032318,62000
2020-04-16,78310.63007259369,62000
2020-04-17,80470.0259771347,62000
2020-04-20,79021.2759771347,62000
2020-04-21,76608.72951412201,62000
2020-04-22,78292.3308172226,62000
2020-04-23,78277.08454036713,62000
2020-04-24,79411.68491268158,62000
2020-04-27,80558.47858333588,62000
2020-04-28,80186.37821102142,62000
2020-04-29,82251.23416805267,62000
2020-04-30,82534.48230648041,63000
2020-05-01,80284.96268367767,63000
2020-05-04,80538.34494686127,63000
2020-05-05,81279.94306087494,63000
2020-05-06,80733.00702571869,63000
2020-05-07,81687.81589412689,63000
2020-05-08,83053.60004329681,63000
2020-05-11,83065.96268367767,63000
2020-05-12,81394.27155208588,63000
2020-05-13,79951.23740291595,63000
2020-05-14,80915.31589412689,63000
2020-05-15,81279.94306087494,63000
2020-05-18,83764.29627132416,63000
2020-05-19,82973.25702571869,63000
2020-05-20,84326.67853450775,63000
2020-05-21,83721.04117488861,63000
2020-05-22,83909.52664852142,63000
2020-05-26,84987.94306087494,63000
2020-05-27,86227.02664852142,63000
2020-05-28,86057.08042049408,63000
2020-05-29,87443.33042049408,64000
2020-06-01,87823.97080135345,64000
2020-06-02,88544.6900396347,64000
2020-06-03,89711.5669927597,64000
2020-06-04,89483.8130865097,64000
2020-06-05,91767.64585018158,64000
2020-06-08,92878.3746099472,64000
2020-06-09,92220.04965877533,64000
2020-06-10,91645.97080135345,64000
2020-06-11,86373.17270565033,64000
2020-06-12,87412.1285161972,64000
2020-06-15,88207.73422908783,64000
2020-06-16,89929.97080135345,64000
2020-06-17,89518.1285161972,64000
2020-06-18,89599.2515630722,64000
2020-06-19,89071.97080135345,64000
2020-06-22,89661.64585018158,64000
2020-06-23,90067.2515630722,64000
2020-06-24,87767.8130865097,64000
2020-06-25,88694.45346736908,64000
2020-06-26,86619.64585018158,64000
2020-06-29,87427.73422908783,64000
2020-06-30,89591.48813533783,65000
2020-07-01,90204.5289068222,65000
2020-07-02,90659.56967830658,65000
2020-07-06,92065.77353572845,65000
2020-07-07,91111.44736385345,65000
2020-07-08,91787.6919927597,65000
2020-07-09,91320.00852108002,65000
2020-07-10,92236.40659236908,65000
2020-07-13,91402.17160701752,65000
2020-07-14,92625.09006404877,65000
2020-07-15,93446.6919927597,65000
2020-07-16,93174.92697811127,65000
2020-07-17,93421.40659236908,65000
2020-07-20,94198.77353572845,65000
2020-07-21,94394.6919927597,65000
2020-07-22,94931.88620662689,65000
2020-07-23,93797.44736385345,65000
2020-07-24,93190.73276424408,65000
2020-07-27,93870.13083553314,65000
2020-07-28,93288.6919927597,65000
2020-07-29,94416.81430721283,65000
2020-07-30,94072.3658208847,65000
2020-07-31,95859.21237850189,66000
2020-08-03,96462.11731624603,66000
2020-08-04,96867.25354671478,66000
2020-08-05,97470.15848445892,66000
2020-08-06,98124.11432552338,66000
2020-08-07,98175.14575862885,66000
2020-08-10,98487.76926326752,66000
2020-08-11,97693.46237850189,66000
2020-08-12,99030.07315731049,66000
2020-08-13,98861.00354671478,66000
2020-08-14,98861.00354671478,66000
2020-08-17,99180.00354671478,66000
2020-08-18,99387.3515996933,66000
2020-08-19,98966.26926326752,66000
2020-08-20,99278.89276790619,66000
2020-08-21,99632.97809505463,66000
2020-08-24,100644.21237850189,66000
2020-08-25,100995.11432552338,66000
2020-08-26,102025.47809505463,66000
2020-08-27,102229.64276790619,66000
2020-08-28,102893.15848445892,66000
2020-08-31,103532.68692684174,67000
2020-09-01,104498.68692684174,67000
2020-09-02,106018.52731990814,67000
2020-09-03,102354.16574764252,67000
2020-09-04,101536.29282283783,67000
2020-09-08,98750.99478816986,67000
2020-09-09,100695.86771297455,67000
2020-09-10,98937.75046443939,67000
2020-09-11,99011.81400203705,67000
2020-09-14,100296.5908575058,67000
2020-09-15,100811.79282283783,67000
2020-09-16,100406.06967830658,67000
2020-09-17,99530.22928524017,67000
2020-09-18,98374.25046443939,67000
2020-09-21,97308.4312505722,67000
2020-09-22,98290.52731990814,67000
2020-09-23,96017.20810604095,67000
2020-09-24,96281.25046443939,67000
2020-09-25,97820.41007137299,67000
2020-09-28,99456.16574764252,67000
2020-09-29,98470.84653377533,67000
2020-09-30,100227.54849910736,68000
2020-10-01,100861.30246639252,68000
2020-10-02,99925.30087947845,68000
2020-10-05,101667.29611873627,68000
2020-10-06,100250.30087947845,68000
2020-10-07,101966.30048274994,68000
2020-10-08,102866.5469121933,68000
2020-10-09,103779.79611873627,68000
2020-10-12,105450.30087947845,68000
2020-10-13,104777.54849910736,68000
2020-10-14,104124.30524349213,68000
2020-10-15,104000.80365657806,68000
2020-10-16,103913.04730892181,68000
2020-10-19,102346.55484676361,68000
2020-10-20,102749.55167293549,68000
2020-10-21,102564.29929256439,68000
2020-10-22,103126.55286312103,68000
2020-10-23,103477.54849910736,68000
2020-10-26,101576.29651546478,68000
2020-10-27,101241.5469121933,68000
2020-10-28,97764.05286312103,68000
2020-10-29,98791.05405330658,68000
2020-10-30,98682.80286312103,69000
2020-11-02,99831.00965023041,69000
2020-11-03,101591.16165828705,69000
2020-11-04,103877.70563411713,69000
2020-11-05,105910.93326473236,69000
2020-11-06,105897.77045345306,69000
2020-11-09,107217.06366634369,69000
2020-11-10,107078.87924861908,69000
2020-11-11,107832.29205989838,69000
2020-11-12,106835.4224615097,69000
2020-11-13,108286.31366634369,69000
2020-11-16,109599.02045345306,69000
2020-11-17,109052.87924861908,69000
2020-11-18,107730.30286312103,69000
2020-11-19,108181.03125667572,69000
2020-11-20,107457.22724056244,69000
2020-11-23,108092.20487117767,69000
2020-11-24,109842.47724056244,69000
2020-11-25,109661.53125667572,69000
2020-11-27,109974.085272789,69000
2020-11-30,110480.585272789,70000
2020-12-01,111695.69635677338,70000
2020-12-02,111931.42365169525,70000
2020-12-03,111898.22162532806,70000
2020-12-04,112861.01959896088,70000
2020-12-07,112651.85797786713,70000
2020-12-08,112977.22162532806,70000
2020-12-09,111974.585272789,70000
2020-12-10,111921.46405696869,70000
2020-12-11,111778.69635677338,70000
2020-12-14,111267.42365169525,70000
2020-12-15,112804.585272789,70000
2020-12-16,112977.22162532806,70000
2020-12-17,113591.42365169525,70000
2020-12-18,113136.585272789,70000
2020-12-21,112787.97919368744,70000
2020-12-22,112107.38324642181,70000
2020-12-23,112197.01959896088,70000
2020-12-24,112645.22162532806,70000
2020-12-28,113624.6155462265,70000
2020-12-29,113385.585272789,70000
2020-12-30,113538.30243587494,70000
